<?xml version="1.0" encoding="ISO-8859-15"?>
<uc-export clientvers="10.0.1+build.876">
<CONN_CIT client="0300" name="CONN.WS.RACKSPACE.CLOUD_FILES_ORD" system="AUTOMIC">
<HEADER state="1">
<Title/>
<Created>Jenn  on: 2014-07-24 10:24:25</Created>
<Modified>Jenn  on: 2014-07-24 10:27:42      4 x</Modified>
<LastUsed/>
<ArchiveKey1/>
<ArchiveKey2/>
<OH_SubType/>
</HEADER>
<CONN_CIT state="1">
<citcont agentname="" jobtype="WEBSERVICE" text="REST">
<cit cittype="4" icon="" id="" subtype="RESTCONNECTION" text="REST">
<component con="0" enc="0" type="4" value="None" xmlName="authMethod"/>
<component con="0" enc="0" type="4" value="30" xmlName="connectTimeout"/>
<component con="0" enc="0" type="4" value="true" xmlName="followRedirects"/>
<component con="0" enc="0" type="4" value="" xmlName="proxyAuthMethod"/>
<component con="0" enc="2" type="4" value="" xmlName="proxyPassword"/>
<component con="0" enc="0" type="4" value="" xmlName="proxyPort"/>
<component con="0" enc="0" type="4" value="" xmlName="proxyServer"/>
<component con="0" enc="0" type="4" value="None" xmlName="proxyServerType"/>
<component con="0" enc="0" type="4" value="" xmlName="proxyUser"/>
<component con="0" enc="0" type="4" value="List Container" xmlName="resources_0_0"/>
<component con="0" enc="0" type="4" value="/&amp;container#" xmlName="resources_0_1"/>
<component con="0" enc="0" type="4" value="60" xmlName="responseTimeout"/>
<component con="0" enc="0" type="4" value="https://storage101.ord1.clouddrive.com/v1/MossoCloudFS_ecc8d492-b875-4efe-8d4f-407c449bcdd0" xmlName="webserviceEndpoint"/>
</cit>
</citcont>
</CONN_CIT>
<DOCU_Docu state="1" type="text">
<DOC/>
</DOCU_Docu>
</CONN_CIT>
<CONN_CIT client="0300" name="CONN.WS.RACKSPACE.TOKEN" system="AUTOMIC">
<HEADER state="1">
<Title/>
<Created>Jenn  on: 2014-07-24 09:54:46</Created>
<Modified>Jenn  on: 2014-07-24 10:38:13      3 x</Modified>
<LastUsed/>
<ArchiveKey1/>
<ArchiveKey2/>
<OH_SubType/>
</HEADER>
<CONN_CIT state="1">
<citcont agentname="" jobtype="WEBSERVICE" text="REST">
<cit cittype="4" icon="" id="" subtype="RESTCONNECTION" text="REST">
<component con="0" enc="0" type="4" value="None" xmlName="authMethod"/>
<component con="0" enc="0" type="4" value="30" xmlName="connectTimeout"/>
<component con="0" enc="0" type="4" value="true" xmlName="followRedirects"/>
<component con="0" enc="0" type="4" value="" xmlName="proxyAuthMethod"/>
<component con="0" enc="2" type="4" value="" xmlName="proxyPassword"/>
<component con="0" enc="0" type="4" value="" xmlName="proxyPort"/>
<component con="0" enc="0" type="4" value="" xmlName="proxyServer"/>
<component con="0" enc="0" type="4" value="None" xmlName="proxyServerType"/>
<component con="0" enc="0" type="4" value="" xmlName="proxyUser"/>
<component con="0" enc="0" type="4" value="username" xmlName="query_0_0"/>
<component con="0" enc="0" type="4" value="jjinhong" xmlName="query_0_1"/>
<component con="0" enc="0" type="4" value="apiKey" xmlName="query_1_0"/>
<component con="0" enc="0" type="4" value="d8d520536f664678808982caa7922cfb" xmlName="query_1_1"/>
<component con="0" enc="0" type="4" value="tokens" xmlName="resources_0_0"/>
<component con="0" enc="0" type="4" value="tokens" xmlName="resources_0_1"/>
<component con="0" enc="0" type="4" value="60" xmlName="responseTimeout"/>
<component con="0" enc="0" type="4" value="https://identity.api.rackspacecloud.com/v2.0/" xmlName="webserviceEndpoint"/>
</cit>
</citcont>
</CONN_CIT>
<DOCU_Docu state="1" type="text">
<DOC/>
</DOCU_Docu>
</CONN_CIT>
<JOBS_CIT AttrType="CIT" client="0300" name="JOBS.WS.RACKSPACE.GET_TOKEN" system="AUTOMIC">
<XHEADER state="1">
<Title/>
<Created>Jenn  on: 2014-07-24 10:00:09</Created>
<Modified>Jenn  on: 2014-07-24 10:43:01      8 x</Modified>
<LastUsed/>
<ArchiveKey1/>
<ArchiveKey2/>
<ExtRepDef>1</ExtRepDef>
<ExtRepAll>0</ExtRepAll>
<ExtRepNone>0</ExtRepNone>
<Active>1</Active>
<OH_SubType/>
</XHEADER>
<OUTPUTREG state="1" tidy="1">
<FileReg/>
</OUTPUTREG>
<SYNCREF state="1">
<Syncs/>
</SYNCREF>
<ATTR_JOBS state="1">
<Queue>CLIENT_QUEUE</Queue>
<StartType/>
<HostDst>CIT|RA_WEBSERVICES|HOST</HostDst>
<HostATTR_Type>CIT</HostATTR_Type>
<CodeName/>
<Login/>
<IntAccount/>
<AutoDeactNo>0</AutoDeactNo>
<AutoDeact1ErrorFree>0</AutoDeact1ErrorFree>
<AutoDeactErrorFree>0</AutoDeactErrorFree>
<DeactWhen/>
<DeactDelay>0</DeactDelay>
<AutoDeactAlways>1</AutoDeactAlways>
<AttDialog>0</AttDialog>
<ActAtRun>1</ActAtRun>
<Consumption>0</Consumption>
<UC4Priority>0</UC4Priority>
<MaxParallel2>0</MaxParallel2>
<MpElse1>0</MpElse1>
<MpElse2>0</MpElse2>
<TZ/>
</ATTR_JOBS>
<ATTR_CIT state="1">
<OutputDb>1</OutputDb>
<OutputDbErr>0</OutputDbErr>
<OutputFile>0</OutputFile>
<OptReportPLOG>1</OptReportPLOG>
<RequTaskParams>0</RequTaskParams>
</ATTR_CIT>
<CIT dirty="0" state="2">
<citcont agentname="RA_WEBSERVICES" jobtype="WEBSERVICE" text="REST Web Service">
<cit cittype="2" icon="" id="" subtype="REST" text="REST Web Service">
<component con="0" enc="0" type="2" value="" xmlName="connectTimeout"/>
<component con="0" enc="0" type="2" value="" xmlName="curl"/>
<component con="0" enc="0" type="2" value="false" xmlName="isCurl"/>
<component con="0" enc="0" type="2" value="false" xmlName="jobHeaders"/>
<component con="0" enc="0" type="2" value="false" xmlName="jobQuery"/>
<component con="0" enc="0" type="2" value="application/json" xmlName="mediaType"/>
<component con="0" enc="0" type="2" value="POST" xmlName="method"/>
<component con="0" enc="0" type="2" value="false" xmlName="multiPart"/>
<component con="0" enc="0" type="2" value="false" xmlName="multiPartResp"/>
<component con="0" enc="0" type="2" value="" xmlName="request_part_0_file"/>
<component con="0" enc="0" type="2" value="application/json" xmlName="request_part_0_mediaType"/>
<component con="0" enc="0" type="2" value="text" xmlName="request_part_0_requestDataSource"/>
<component con="0" enc="0" type="2" value="A{" xmlName="request_part_0_requestTab_data_1"/>
<component con="0" enc="0" type="2" value="A  &quot;auth&quot;: {" xmlName="request_part_0_requestTab_data_2"/>
<component con="0" enc="0" type="2" value="A    &quot;RAX-KSKEY:apiKeyCredentials&quot;: {" xmlName="request_part_0_requestTab_data_3"/>
<component con="0" enc="0" type="2" value="A      &quot;username&quot;: &quot;jjinhong&quot;," xmlName="request_part_0_requestTab_data_4"/>
<component con="0" enc="0" type="2" value="A      &quot;apiKey&quot;: &quot;d8d520536f664678808982caa7922cfb&quot;" xmlName="request_part_0_requestTab_data_5"/>
<component con="0" enc="0" type="2" value="A    }" xmlName="request_part_0_requestTab_data_6"/>
<component con="0" enc="0" type="2" value="A  }" xmlName="request_part_0_requestTab_data_7"/>
<component con="0" enc="0" type="2" value="A}" xmlName="request_part_0_requestTab_data_8"/>
<component con="0" enc="0" type="2" value="true" xmlName="requestReports"/>
<component con="0" enc="0" type="2" value="tokens" xmlName="resource"/>
<component con="0" enc="0" type="2" value="" xmlName="response_part_0_file"/>
<component con="0" enc="0" type="2" value="$.access.token.id" xmlName="response_part_0_script_0_code_0"/>
<component con="0" enc="0" type="2" value="JSONPath" xmlName="response_part_0_script_0_queryType"/>
<component con="0" enc="0" type="2" value="ID#" xmlName="response_part_0_script_0_resourceName"/>
<component con="0" enc="0" type="2" value="variable" xmlName="response_part_0_script_0_saveTo"/>
<component con="0" enc="0" type="2" value="$.access.token.expires" xmlName="response_part_0_script_1_code_0"/>
<component con="0" enc="0" type="2" value="JSONPath" xmlName="response_part_0_script_1_queryType"/>
<component con="0" enc="0" type="2" value="expires#" xmlName="response_part_0_script_1_resourceName"/>
<component con="0" enc="0" type="2" value="variable" xmlName="response_part_0_script_1_saveTo"/>
<component con="0" enc="0" type="2" value="true" xmlName="responseReport"/>
<component con="0" enc="0" type="2" value="" xmlName="responseTimeout"/>
<component con="0" enc="0" type="2" value="true" xmlName="responseToJobLog"/>
<component con="1" enc="0" type="2" value="CONN.WS.RACKSPACE.TOKEN" xmlName="restConnection"/>
<component con="0" enc="0" type="2" value="" xmlName="showGeneralJobPanel"/>
<component con="0" enc="0" type="2" value="false" xmlName="tracePerformance"/>
</cit>
<cit cittype="3" icon="" id="" subtype="GENERALJOBPANELDEF" text="General Job Panel"/>
</citcont>
</CIT>
<RUNTIME state="1">
<MaxRetCode>0</MaxRetCode>
<MrcExecute/>
<MrcElseE>0</MrcElseE>
<FcstStatus>0| </FcstStatus>
<Ert>1</Ert>
<ErtMethodDef>1</ErtMethodDef>
<ErtMethodFix>0</ErtMethodFix>
<ErtFix>0</ErtFix>
<ErtDynMethod>2|Average</ErtDynMethod>
<ErtMethodDyn>0</ErtMethodDyn>
<ErtCnt>0</ErtCnt>
<ErtCorr>0</ErtCorr>
<ErtIgn>0</ErtIgn>
<ErtIgnFlg>0</ErtIgnFlg>
<ErtMinCnt>0</ErtMinCnt>
<MrtMethodNone>1</MrtMethodNone>
<MrtMethodFix>0</MrtMethodFix>
<MrtFix>0</MrtFix>
<MrtMethodErt>0</MrtMethodErt>
<MrtErt>0</MrtErt>
<MrtMethodDate>0</MrtMethodDate>
<MrtDays>0</MrtDays>
<MrtTime>00:00</MrtTime>
<MrtTZ/>
<SrtMethodNone>1</SrtMethodNone>
<SrtMethodFix>0</SrtMethodFix>
<SrtFix>0</SrtFix>
<SrtMethodErt>0</SrtMethodErt>
<SrtErt>0</SrtErt>
<MrtCancel>0</MrtCancel>
<MrtExecute>0</MrtExecute>
<MrtExecuteObj/>
</RUNTIME>
<DYNVALUES state="1">
<dyntree>
<node content="1" id="VALUE" name="Variables" parent="" type="VALUE">
<VALUE state="1">
<Values/>
<Mode>0</Mode>
</VALUE>
</node>
</dyntree>
</DYNVALUES>
<ROLLBACK state="1" tidy="1">
<RollbackFlag>0</RollbackFlag>
<CBackupObj/>
<CRollbackObj/>
<FBackupPath/>
<FDeleteBefore>0</FDeleteBefore>
<FInclSubDirs>0</FInclSubDirs>
</ROLLBACK>
<PRE_SCRIPT mode="1" replacementmode="1" state="1" tidy="1">
<PSCRI/>
</PRE_SCRIPT>
<SCRIPT mode="1" state="1" tidy="1">
<MSCRI/>
</SCRIPT>
<OUTPUTSCAN state="1">
<Inherit>N</Inherit>
<filterobjects/>
<HostFsc/>
<LoginFsc/>
</OUTPUTSCAN>
<POST_SCRIPT mode="1" replacementmode="1" state="1" tidy="0">
<OSCRI><![CDATA[:put_var RACKSPACE_TOKEN, "Token", &ID#, &expires#]]></OSCRI>
</POST_SCRIPT>
<DOCU_Docu state="1" type="text">
<DOC/>
</DOCU_Docu>
</JOBS_CIT>
<JOBS_CIT AttrType="CIT" client="0300" name="JOBS.WS.RACKSPACE.LIST_CONTAINER" system="AUTOMIC">
<XHEADER state="1">
<Title/>
<Created>Jenn  on: 2014-07-24 10:27:52</Created>
<Modified>Jenn  on: 2014-07-24 10:41:58      3 x</Modified>
<LastUsed/>
<ArchiveKey1/>
<ArchiveKey2/>
<ExtRepDef>1</ExtRepDef>
<ExtRepAll>0</ExtRepAll>
<ExtRepNone>0</ExtRepNone>
<Active>1</Active>
<OH_SubType/>
</XHEADER>
<OUTPUTREG state="1" tidy="1">
<FileReg/>
</OUTPUTREG>
<SYNCREF state="1">
<Syncs/>
</SYNCREF>
<ATTR_JOBS state="1">
<Queue>CLIENT_QUEUE</Queue>
<StartType/>
<HostDst>CIT|RA_WEBSERVICES|HOST</HostDst>
<HostATTR_Type>CIT</HostATTR_Type>
<CodeName/>
<Login/>
<IntAccount/>
<AutoDeactNo>0</AutoDeactNo>
<AutoDeact1ErrorFree>0</AutoDeact1ErrorFree>
<AutoDeactErrorFree>0</AutoDeactErrorFree>
<DeactWhen/>
<DeactDelay>0</DeactDelay>
<AutoDeactAlways>1</AutoDeactAlways>
<AttDialog>0</AttDialog>
<ActAtRun>1</ActAtRun>
<Consumption>0</Consumption>
<UC4Priority>0</UC4Priority>
<MaxParallel2>0</MaxParallel2>
<MpElse1>0</MpElse1>
<MpElse2>0</MpElse2>
<TZ/>
</ATTR_JOBS>
<ATTR_CIT state="1">
<OutputDb>1</OutputDb>
<OutputDbErr>0</OutputDbErr>
<OutputFile>0</OutputFile>
<OptReportPLOG>1</OptReportPLOG>
<RequTaskParams>0</RequTaskParams>
</ATTR_CIT>
<CIT dirty="0" state="2">
<citcont agentname="RA_WEBSERVICES" jobtype="WEBSERVICE" text="REST Web Service">
<cit cittype="2" icon="" id="" subtype="REST" text="REST Web Service">
<component con="0" enc="0" type="2" value="" xmlName="connectTimeout"/>
<component con="0" enc="0" type="2" value="" xmlName="curl"/>
<component con="0" enc="0" type="2" value="X-Auth-Token" xmlName="header_0_0"/>
<component con="0" enc="0" type="2" value="&amp;token_id#" xmlName="header_0_1"/>
<component con="0" enc="0" type="2" value="false" xmlName="isCurl"/>
<component con="0" enc="0" type="2" value="false" xmlName="jobHeaders"/>
<component con="0" enc="0" type="2" value="false" xmlName="jobQuery"/>
<component con="0" enc="0" type="2" value="" xmlName="mediaType"/>
<component con="0" enc="0" type="2" value="GET" xmlName="method"/>
<component con="0" enc="0" type="2" value="false" xmlName="multiPart"/>
<component con="0" enc="0" type="2" value="false" xmlName="multiPartResp"/>
<component con="0" enc="0" type="2" value="" xmlName="request_part_0_file"/>
<component con="0" enc="0" type="2" value="" xmlName="request_part_0_mediaType"/>
<component con="0" enc="0" type="2" value="text" xmlName="request_part_0_requestDataSource"/>
<component con="0" enc="0" type="2" value="true" xmlName="requestReports"/>
<component con="0" enc="0" type="2" value="/&amp;container#" xmlName="resource"/>
<component con="0" enc="0" type="2" value="" xmlName="response_part_0_file"/>
<component con="0" enc="0" type="2" value="true" xmlName="responseReport"/>
<component con="0" enc="0" type="2" value="" xmlName="responseTimeout"/>
<component con="0" enc="0" type="2" value="true" xmlName="responseToJobLog"/>
<component con="1" enc="0" type="2" value="CONN.WS.RACKSPACE.CLOUD_FILES_ORD" xmlName="restConnection"/>
<component con="0" enc="0" type="2" value="" xmlName="showGeneralJobPanel"/>
<component con="0" enc="0" type="2" value="false" xmlName="tracePerformance"/>
</cit>
<cit cittype="3" icon="" id="" subtype="GENERALJOBPANELDEF" text="General Job Panel"/>
</citcont>
</CIT>
<RUNTIME state="1">
<MaxRetCode>0</MaxRetCode>
<MrcExecute/>
<MrcElseE>0</MrcElseE>
<FcstStatus>0| </FcstStatus>
<Ert>1</Ert>
<ErtMethodDef>1</ErtMethodDef>
<ErtMethodFix>0</ErtMethodFix>
<ErtFix>0</ErtFix>
<ErtDynMethod>2|Average</ErtDynMethod>
<ErtMethodDyn>0</ErtMethodDyn>
<ErtCnt>0</ErtCnt>
<ErtCorr>0</ErtCorr>
<ErtIgn>0</ErtIgn>
<ErtIgnFlg>0</ErtIgnFlg>
<ErtMinCnt>0</ErtMinCnt>
<MrtMethodNone>1</MrtMethodNone>
<MrtMethodFix>0</MrtMethodFix>
<MrtFix>0</MrtFix>
<MrtMethodErt>0</MrtMethodErt>
<MrtErt>0</MrtErt>
<MrtMethodDate>0</MrtMethodDate>
<MrtDays>0</MrtDays>
<MrtTime>00:00</MrtTime>
<MrtTZ/>
<SrtMethodNone>1</SrtMethodNone>
<SrtMethodFix>0</SrtMethodFix>
<SrtFix>0</SrtFix>
<SrtMethodErt>0</SrtMethodErt>
<SrtErt>0</SrtErt>
<MrtCancel>0</MrtCancel>
<MrtExecute>0</MrtExecute>
<MrtExecuteObj/>
</RUNTIME>
<DYNVALUES state="1">
<dyntree>
<node content="1" id="VALUE" name="Variables" parent="" type="VALUE">
<VALUE state="1">
<Values>
<row Name="&amp;CONTAINER#" Value="Documentation"/>
</Values>
<Mode>0</Mode>
</VALUE>
</node>
</dyntree>
</DYNVALUES>
<ROLLBACK state="1" tidy="1">
<RollbackFlag>0</RollbackFlag>
<CBackupObj/>
<CRollbackObj/>
<FBackupPath/>
<FDeleteBefore>0</FDeleteBefore>
<FInclSubDirs>0</FInclSubDirs>
</ROLLBACK>
<PRE_SCRIPT mode="1" replacementmode="1" state="1" tidy="0">
<PSCRI><![CDATA[:pset &token_id#=get_var(RACKSPACE_TOKEN, "Token", 1)

:p &token_id#]]></PSCRI>
</PRE_SCRIPT>
<SCRIPT mode="1" state="1" tidy="1">
<MSCRI/>
</SCRIPT>
<OUTPUTSCAN state="1">
<Inherit>N</Inherit>
<filterobjects/>
<HostFsc/>
<LoginFsc/>
</OUTPUTSCAN>
<POST_SCRIPT mode="1" replacementmode="1" state="1" tidy="1">
<OSCRI/>
</POST_SCRIPT>
<DOCU_Docu state="1" type="text">
<DOC/>
</DOCU_Docu>
</JOBS_CIT>
<JOBS_CIT AttrType="CIT" client="0300" name="JOBS.WS.RACKSPACE.LIST_CONTAINER_METADATA" system="AUTOMIC">
<XHEADER state="1">
<Title/>
<Created>Jenn  on: 2014-07-24 11:34:28</Created>
<Modified>Jenn  on: 2014-07-24 11:36:18      3 x</Modified>
<LastUsed/>
<ArchiveKey1/>
<ArchiveKey2/>
<ExtRepDef>1</ExtRepDef>
<ExtRepAll>0</ExtRepAll>
<ExtRepNone>0</ExtRepNone>
<Active>1</Active>
<OH_SubType/>
</XHEADER>
<OUTPUTREG state="1" tidy="1">
<FileReg/>
</OUTPUTREG>
<SYNCREF state="1">
<Syncs/>
</SYNCREF>
<ATTR_JOBS state="1">
<Queue>CLIENT_QUEUE</Queue>
<StartType/>
<HostDst>CIT|RA_WEBSERVICES|HOST</HostDst>
<HostATTR_Type>CIT</HostATTR_Type>
<CodeName/>
<Login/>
<IntAccount/>
<AutoDeactNo>0</AutoDeactNo>
<AutoDeact1ErrorFree>0</AutoDeact1ErrorFree>
<AutoDeactErrorFree>0</AutoDeactErrorFree>
<DeactWhen/>
<DeactDelay>0</DeactDelay>
<AutoDeactAlways>1</AutoDeactAlways>
<AttDialog>0</AttDialog>
<ActAtRun>1</ActAtRun>
<Consumption>0</Consumption>
<UC4Priority>0</UC4Priority>
<MaxParallel2>0</MaxParallel2>
<MpElse1>0</MpElse1>
<MpElse2>0</MpElse2>
<TZ/>
</ATTR_JOBS>
<ATTR_CIT state="1">
<OutputDb>1</OutputDb>
<OutputDbErr>0</OutputDbErr>
<OutputFile>0</OutputFile>
<OptReportPLOG>1</OptReportPLOG>
<RequTaskParams>0</RequTaskParams>
</ATTR_CIT>
<CIT dirty="0" state="2">
<citcont agentname="RA_WEBSERVICES" jobtype="WEBSERVICE" text="REST Web Service">
<cit cittype="2" icon="" id="" subtype="REST" text="REST Web Service">
<component con="0" enc="0" type="2" value="" xmlName="connectTimeout"/>
<component con="0" enc="0" type="2" value="" xmlName="curl"/>
<component con="0" enc="0" type="2" value="X-Auth-Token" xmlName="header_0_0"/>
<component con="0" enc="0" type="2" value="&amp;token_id#" xmlName="header_0_1"/>
<component con="0" enc="0" type="2" value="false" xmlName="isCurl"/>
<component con="0" enc="0" type="2" value="false" xmlName="jobHeaders"/>
<component con="0" enc="0" type="2" value="false" xmlName="jobQuery"/>
<component con="0" enc="0" type="2" value="" xmlName="mediaType"/>
<component con="0" enc="0" type="2" value="HEAD" xmlName="method"/>
<component con="0" enc="0" type="2" value="false" xmlName="multiPart"/>
<component con="0" enc="0" type="2" value="false" xmlName="multiPartResp"/>
<component con="0" enc="0" type="2" value="format" xmlName="query_0_0"/>
<component con="0" enc="0" type="2" value="json" xmlName="query_0_1"/>
<component con="0" enc="0" type="2" value="" xmlName="request_part_0_file"/>
<component con="0" enc="0" type="2" value="" xmlName="request_part_0_mediaType"/>
<component con="0" enc="0" type="2" value="text" xmlName="request_part_0_requestDataSource"/>
<component con="0" enc="0" type="2" value="true" xmlName="requestReports"/>
<component con="0" enc="0" type="2" value="/&amp;container#" xmlName="resource"/>
<component con="0" enc="0" type="2" value="" xmlName="response_part_0_file"/>
<component con="0" enc="0" type="2" value="true" xmlName="responseReport"/>
<component con="0" enc="0" type="2" value="" xmlName="responseTimeout"/>
<component con="0" enc="0" type="2" value="true" xmlName="responseToJobLog"/>
<component con="1" enc="0" type="2" value="CONN.WS.RACKSPACE.CLOUD_FILES_ORD" xmlName="restConnection"/>
<component con="0" enc="0" type="2" value="" xmlName="showGeneralJobPanel"/>
<component con="0" enc="0" type="2" value="false" xmlName="tracePerformance"/>
</cit>
<cit cittype="3" icon="" id="" subtype="GENERALJOBPANELDEF" text="General Job Panel"/>
</citcont>
</CIT>
<RUNTIME state="1">
<MaxRetCode>0</MaxRetCode>
<MrcExecute/>
<MrcElseE>0</MrcElseE>
<FcstStatus>0| </FcstStatus>
<Ert>1</Ert>
<ErtMethodDef>1</ErtMethodDef>
<ErtMethodFix>0</ErtMethodFix>
<ErtFix>0</ErtFix>
<ErtDynMethod>2|Average</ErtDynMethod>
<ErtMethodDyn>0</ErtMethodDyn>
<ErtCnt>0</ErtCnt>
<ErtCorr>0</ErtCorr>
<ErtIgn>0</ErtIgn>
<ErtIgnFlg>0</ErtIgnFlg>
<ErtMinCnt>0</ErtMinCnt>
<MrtMethodNone>1</MrtMethodNone>
<MrtMethodFix>0</MrtMethodFix>
<MrtFix>0</MrtFix>
<MrtMethodErt>0</MrtMethodErt>
<MrtErt>0</MrtErt>
<MrtMethodDate>0</MrtMethodDate>
<MrtDays>0</MrtDays>
<MrtTime>00:00</MrtTime>
<MrtTZ/>
<SrtMethodNone>1</SrtMethodNone>
<SrtMethodFix>0</SrtMethodFix>
<SrtFix>0</SrtFix>
<SrtMethodErt>0</SrtMethodErt>
<SrtErt>0</SrtErt>
<MrtCancel>0</MrtCancel>
<MrtExecute>0</MrtExecute>
<MrtExecuteObj/>
</RUNTIME>
<DYNVALUES state="1">
<dyntree>
<node content="1" id="VALUE" name="Variables" parent="" type="VALUE">
<VALUE state="1">
<Values>
<row Name="&amp;CONTAINER#" Value="Documentation"/>
</Values>
<Mode>0</Mode>
</VALUE>
</node>
</dyntree>
</DYNVALUES>
<ROLLBACK state="1" tidy="1">
<RollbackFlag>0</RollbackFlag>
<CBackupObj/>
<CRollbackObj/>
<FBackupPath/>
<FDeleteBefore>0</FDeleteBefore>
<FInclSubDirs>0</FInclSubDirs>
</ROLLBACK>
<PRE_SCRIPT mode="1" replacementmode="1" state="1" tidy="0">
<PSCRI><![CDATA[:pset &token_id#=get_var(RACKSPACE_TOKEN, "Token", 1)

:p &token_id#]]></PSCRI>
</PRE_SCRIPT>
<SCRIPT mode="1" state="1" tidy="1">
<MSCRI/>
</SCRIPT>
<OUTPUTSCAN state="1">
<Inherit>N</Inherit>
<filterobjects/>
<HostFsc/>
<LoginFsc/>
</OUTPUTSCAN>
<POST_SCRIPT mode="1" replacementmode="1" state="1" tidy="1">
<OSCRI/>
</POST_SCRIPT>
<DOCU_Docu state="1" type="text">
<DOC/>
</DOCU_Docu>
</JOBS_CIT>
<JOBS_CIT AttrType="CIT" client="0300" name="JOBS.WS.RACKSPACE.UPLOAD_OBJECT" system="AUTOMIC">
<XHEADER state="1">
<Title/>
<Created>Jenn  on: 2014-07-24 10:34:01</Created>
<Modified>Jenn  on: 2014-07-24 10:45:46      4 x</Modified>
<LastUsed/>
<ArchiveKey1/>
<ArchiveKey2/>
<ExtRepDef>1</ExtRepDef>
<ExtRepAll>0</ExtRepAll>
<ExtRepNone>0</ExtRepNone>
<Active>1</Active>
<OH_SubType/>
</XHEADER>
<OUTPUTREG state="1" tidy="1">
<FileReg/>
</OUTPUTREG>
<SYNCREF state="1">
<Syncs/>
</SYNCREF>
<ATTR_JOBS state="1">
<Queue>CLIENT_QUEUE</Queue>
<StartType/>
<HostDst>CIT|RA_WEBSERVICES|HOST</HostDst>
<HostATTR_Type>CIT</HostATTR_Type>
<CodeName/>
<Login/>
<IntAccount/>
<AutoDeactNo>0</AutoDeactNo>
<AutoDeact1ErrorFree>0</AutoDeact1ErrorFree>
<AutoDeactErrorFree>0</AutoDeactErrorFree>
<DeactWhen/>
<DeactDelay>0</DeactDelay>
<AutoDeactAlways>1</AutoDeactAlways>
<AttDialog>0</AttDialog>
<ActAtRun>1</ActAtRun>
<Consumption>0</Consumption>
<UC4Priority>0</UC4Priority>
<MaxParallel2>0</MaxParallel2>
<MpElse1>0</MpElse1>
<MpElse2>0</MpElse2>
<TZ/>
</ATTR_JOBS>
<ATTR_CIT state="1">
<OutputDb>1</OutputDb>
<OutputDbErr>0</OutputDbErr>
<OutputFile>0</OutputFile>
<OptReportPLOG>1</OptReportPLOG>
<RequTaskParams>0</RequTaskParams>
</ATTR_CIT>
<CIT dirty="0" state="2">
<citcont agentname="RA_WEBSERVICES" jobtype="WEBSERVICE" text="REST Web Service">
<cit cittype="2" icon="" id="" subtype="REST" text="REST Web Service">
<component con="0" enc="0" type="2" value="" xmlName="connectTimeout"/>
<component con="0" enc="0" type="2" value="" xmlName="curl"/>
<component con="0" enc="0" type="2" value="X-Auth-Token" xmlName="header_0_0"/>
<component con="0" enc="0" type="2" value="&amp;token_id#" xmlName="header_0_1"/>
<component con="0" enc="0" type="2" value="false" xmlName="isCurl"/>
<component con="0" enc="0" type="2" value="false" xmlName="jobHeaders"/>
<component con="0" enc="0" type="2" value="false" xmlName="jobQuery"/>
<component con="0" enc="0" type="2" value="text/plain" xmlName="mediaType"/>
<component con="0" enc="0" type="2" value="PUT" xmlName="method"/>
<component con="0" enc="0" type="2" value="false" xmlName="multiPart"/>
<component con="0" enc="0" type="2" value="false" xmlName="multiPartResp"/>
<component con="0" enc="0" type="2" value="C:\Temp\RA_LOG_00.TXT" xmlName="request_part_0_file"/>
<component con="0" enc="0" type="2" value="text/plain" xmlName="request_part_0_mediaType"/>
<component con="0" enc="0" type="2" value="file" xmlName="request_part_0_requestDataSource"/>
<component con="0" enc="0" type="2" value="true" xmlName="requestReports"/>
<component con="0" enc="0" type="2" value="/&amp;container#/&amp;object_name#" xmlName="resource"/>
<component con="0" enc="0" type="2" value="" xmlName="response_part_0_file"/>
<component con="0" enc="0" type="2" value="true" xmlName="responseReport"/>
<component con="0" enc="0" type="2" value="" xmlName="responseTimeout"/>
<component con="0" enc="0" type="2" value="true" xmlName="responseToJobLog"/>
<component con="1" enc="0" type="2" value="CONN.WS.RACKSPACE.CLOUD_FILES_ORD" xmlName="restConnection"/>
<component con="0" enc="0" type="2" value="" xmlName="showGeneralJobPanel"/>
<component con="0" enc="0" type="2" value="false" xmlName="tracePerformance"/>
</cit>
<cit cittype="3" icon="" id="" subtype="GENERALJOBPANELDEF" text="General Job Panel"/>
</citcont>
</CIT>
<RUNTIME state="1">
<MaxRetCode>0</MaxRetCode>
<MrcExecute/>
<MrcElseE>0</MrcElseE>
<FcstStatus>0| </FcstStatus>
<Ert>1</Ert>
<ErtMethodDef>1</ErtMethodDef>
<ErtMethodFix>0</ErtMethodFix>
<ErtFix>0</ErtFix>
<ErtDynMethod>2|Average</ErtDynMethod>
<ErtMethodDyn>0</ErtMethodDyn>
<ErtCnt>0</ErtCnt>
<ErtCorr>0</ErtCorr>
<ErtIgn>0</ErtIgn>
<ErtIgnFlg>0</ErtIgnFlg>
<ErtMinCnt>0</ErtMinCnt>
<MrtMethodNone>1</MrtMethodNone>
<MrtMethodFix>0</MrtMethodFix>
<MrtFix>0</MrtFix>
<MrtMethodErt>0</MrtMethodErt>
<MrtErt>0</MrtErt>
<MrtMethodDate>0</MrtMethodDate>
<MrtDays>0</MrtDays>
<MrtTime>00:00</MrtTime>
<MrtTZ/>
<SrtMethodNone>1</SrtMethodNone>
<SrtMethodFix>0</SrtMethodFix>
<SrtFix>0</SrtFix>
<SrtMethodErt>0</SrtMethodErt>
<SrtErt>0</SrtErt>
<MrtCancel>0</MrtCancel>
<MrtExecute>0</MrtExecute>
<MrtExecuteObj/>
</RUNTIME>
<DYNVALUES state="1">
<dyntree>
<node content="1" id="VALUE" name="Variables" parent="" type="VALUE">
<VALUE state="1">
<Values/>
<Mode>0</Mode>
</VALUE>
</node>
<node content="1" id="PRPT.RACKSPACE" name="PRPT.RACKSPACE" parent="PRPTS" type="PROMPTSET">
<PROMPTSET client="0300" idnr="0001633385" name="PRPT.RACKSPACE" ontop="1" src="oh" system="AUTOMIC">
<PRPTBOX promptset="PRPT.RACKSPACE" prptmode="1">
<CONTAINERs.00 altview="0" haslist="0">Documentation</CONTAINERs.00>
<OBJECT_NAMEs.00 altview="0" haslist="0">Test.txt</OBJECT_NAMEs.00>
</PRPTBOX>
</PROMPTSET>
</node>
</dyntree>
</DYNVALUES>
<ROLLBACK state="1" tidy="1">
<RollbackFlag>0</RollbackFlag>
<CBackupObj/>
<CRollbackObj/>
<FBackupPath/>
<FDeleteBefore>0</FDeleteBefore>
<FInclSubDirs>0</FInclSubDirs>
</ROLLBACK>
<PRE_SCRIPT mode="1" replacementmode="1" state="1" tidy="0">
<PSCRI><![CDATA[:pset &token_id#=get_var(RACKSPACE_TOKEN, "Token", 1)

:p &token_id#]]></PSCRI>
</PRE_SCRIPT>
<SCRIPT mode="1" state="1" tidy="1">
<MSCRI/>
</SCRIPT>
<OUTPUTSCAN state="1">
<Inherit>N</Inherit>
<filterobjects/>
<HostFsc/>
<LoginFsc/>
</OUTPUTSCAN>
<POST_SCRIPT mode="1" replacementmode="1" state="1" tidy="1">
<OSCRI/>
</POST_SCRIPT>
<DOCU_Docu state="1" type="text">
<DOC/>
</DOCU_Docu>
</JOBS_CIT>
<PRPT client="0300" name="PRPT.RACKSPACE" system="AUTOMIC">
<HEADER state="1">
<Title/>
<Created>Jenn  on: 2014-07-24 10:44:25</Created>
<Modified>Jenn  on: 2014-07-24 10:45:11      2 x</Modified>
<LastUsed/>
<ArchiveKey1/>
<ArchiveKey2/>
<OH_SubType/>
</HEADER>
<PROMPTDESIGNER state="1">
<DESIGNER/>
</PROMPTDESIGNER>
<PROMPTSETXUI state="1">
<XUIEDITOR><![CDATA[<dialog height="424" icon="PRPT" id="PRPTS" left="0" top="0" width="441"><readpanel fill="b" id="PRPTBOX" nl="1" scroll="v" text="Rackspace CDN"><properties><entry name="text">Rackspace CDN</entry><entry name="modifiable">0</entry></properties><text alt="1" enabled="1" fill="b" focus="0" id="CONTAINERs.00" inputassistance="0" len="" nl="1" regex="" required="0" separator=";" showaspassword="0" text="Container" tooltip="" upper="0"><oninputassistant><command request="_internal" target="_view" targetaction="setAttribute" targetparam="promptname|@id"/><command request="_internal" target="_view" targetaction="setAttribute" targetparam="promptvalue|@value"/><command owner="_promptsetcontainer" owneraction="getData" request="getpromptinputassistance" target="_chainwindow"/></oninputassistant>
      
      <properties>
        <entry listparam="C,N" name="reference">UC_DATATYPE_STRING</entry>
        <entry name="text">Container</entry>
        <entry name="multiselect">0</entry>
        <entry name="separator">;</entry>
        <entry name="len"/>
        <entry name="quotes"/>
        <entry name="id">CONTAINERs.00</entry>
        <entry name="regex"/>
        <entry name="inputassistance">0</entry>
        <entry name="enabled">0</entry>
        <entry name="required">0</entry>
        <entry name="upper">0</entry>
        <entry name="focus">0</entry>
        <entry name="showaspassword">0</entry>
        <entry name="tooltip"/>
        <entry name="modifiable">1</entry>
        <entry name="customfield"/>
      <entry name="initvalue"/></properties>
    </text><text alt="1" enabled="1" fill="b" focus="0" id="OBJECT_NAMEs.00" inputassistance="0" len="" nl="1" regex="" required="0" separator=";" showaspassword="0" text="Object Name" tooltip="" upper="0"><oninputassistant><command request="_internal" target="_view" targetaction="setAttribute" targetparam="promptname|@id"/><command request="_internal" target="_view" targetaction="setAttribute" targetparam="promptvalue|@value"/><command owner="_promptsetcontainer" owneraction="getData" request="getpromptinputassistance" target="_chainwindow"/></oninputassistant>
      
      <properties>
        <entry listparam="C,N" name="reference">UC_DATATYPE_STRING</entry>
        <entry name="text">Object Name</entry>
        <entry name="multiselect">0</entry>
        <entry name="separator">;</entry>
        <entry name="len"/>
        <entry name="quotes"/>
        <entry name="id">OBJECT_NAMEs.00</entry>
        <entry name="regex"/>
        <entry name="inputassistance">0</entry>
        <entry name="enabled">0</entry>
        <entry name="required">0</entry>
        <entry name="upper">0</entry>
        <entry name="focus">0</entry>
        <entry name="showaspassword">0</entry>
        <entry name="tooltip"/>
        <entry name="modifiable">1</entry>
        <entry name="customfield"/>
      <entry name="initvalue"/></properties>
    </text></readpanel></dialog>]]></XUIEDITOR>
</PROMPTSETXUI>
<PROMPTSETDATA state="1">
<DATAEDITOR><![CDATA[<PRPTS idnr="1633385" client="0300" system="AUTOMIC" ontop="1" src="oh"><PRPTBOX><CONTAINERs.00 haslist="0" msgnr="-1" msginsert="" altview="0" promptname="CONTAINER#" ReadFromTable="OPSE"></CONTAINERs.00><OBJECT_NAMEs.00 haslist="0" msgnr="-1" msginsert="" altview="0" promptname="OBJECT_NAME#" ReadFromTable="OPSE"></OBJECT_NAMEs.00></PRPTBOX></PRPTS>]]></DATAEDITOR>
</PROMPTSETDATA>
<DOCU_Docu state="1" type="text">
<DOC/>
</DOCU_Docu>
</PRPT>
<VARA OVD_VRName="FREI" client="0300" data_type="STATIC" name="RACKSPACE_TOKEN" replacementmode="2" system="AUTOMIC">
<HEADER state="1">
<Title/>
<Created>Jenn  on: 2014-07-24 10:38:48</Created>
<Modified>Jenn  on: 2014-07-24 10:43:04      3 x</Modified>
<LastUsed/>
<ArchiveKey1/>
<ArchiveKey2/>
<OH_SubType>STATIC</OH_SubType>
</HEADER>
<ATTR_VARA state="1">
<Type>C|Text</Type>
<lblSource>Static</lblSource>
<source>STATIC</source>
<VRName>FREI|Freely selected</VRName>
<NotFoundErr>0</NotFoundErr>
<NotFoundDef>1</NotFoundDef>
<ShareN>0</ShareN>
<ShareL>0</ShareL>
<ShareR>0</ShareR>
<MaxValue_C>1024</MaxValue_C>
<CheckMax_C>0</CheckMax_C>
<uppercase>0</uppercase>
<sortColumn>0</sortColumn>
<sortDirection>0</sortDirection>
</ATTR_VARA>
<VARA state="1">
<Variables>
<row Name="Token" Value="92e2723f890e45de8cc519cdcea3e46c" Value1="2014-07-25T16:28:42.333Z" Value2=" " Value3=" " Value4=" "/>
</Variables>
</VARA>
<DOCU_Docu state="1" type="text">
<DOC/>
</DOCU_Docu>
</VARA>
</uc-export>
