<?xml version="1.0" encoding="ISO-8859-15"?>
<uc-export clientvers="10.0.3+build.663">
<CONN_CIT client="0100" name="CONN.WS.RACKSPACE.AUTH_TOKEN" system="AUTOMIC">
<HEADER state="1">
<Title>Connection to get Auth Token</Title>
<Created>jenn pm on: 2014-11-06 09:54:53</Created>
<Modified>jenn pm on: 2014-11-06 09:55:18      2 x</Modified>
<LastUsed/>
<ArchiveKey1/>
<ArchiveKey2/>
<OH_SubType/>
</HEADER>
<CONN_CIT state="1">
<citcont agentname="" jobtype="WEBSERVICE" text="REST">
<cit cittype="4" icon="" id="" subtype="RESTCONNECTION" text="REST">
<component con="0" enc="0" type="4" value="None" xmlName="authMethod"/>
<component con="0" enc="0" type="4" value="30" xmlName="connectTimeout"/>
<component con="0" enc="0" type="4" value="true" xmlName="followRedirects"/>
<component con="0" enc="0" type="4" value="" xmlName="proxyAuthMethod"/>
<component con="0" enc="2" type="4" value="" xmlName="proxyPassword"/>
<component con="0" enc="0" type="4" value="" xmlName="proxyPort"/>
<component con="0" enc="0" type="4" value="" xmlName="proxyServer"/>
<component con="0" enc="0" type="4" value="None" xmlName="proxyServerType"/>
<component con="0" enc="0" type="4" value="" xmlName="proxyUser"/>
<component con="0" enc="0" type="4" value="tokens" xmlName="resources_0_0"/>
<component con="0" enc="0" type="4" value="/tokens" xmlName="resources_0_1"/>
<component con="0" enc="0" type="4" value="60" xmlName="responseTimeout"/>
<component con="0" enc="0" type="4" value="https://identity.api.rackspacecloud.com/v2.0" xmlName="webserviceEndpoint"/>
</cit>
</citcont>
</CONN_CIT>
<DOCU_Docu state="1" type="text">
<DOC/>
</DOCU_Docu>
</CONN_CIT>
<JOBS_CIT AttrType="CIT" client="0100" name="JOBS.WS.RACKSPACE.GET_AUTH_TOKEN" system="AUTOMIC">
<XHEADER state="1">
<Title>Request Rackspace Token</Title>
<Created>jenn pm on: 2014-11-06 09:50:07</Created>
<Modified>jenn pm on: 2014-11-06 09:50:56      2 x</Modified>
<LastUsed/>
<ArchiveKey1/>
<ArchiveKey2/>
<ExtRepDef>1</ExtRepDef>
<ExtRepAll>0</ExtRepAll>
<ExtRepNone>0</ExtRepNone>
<Active>1</Active>
<OH_SubType/>
</XHEADER>
<OUTPUTREG state="1" tidy="1">
<FileReg/>
</OUTPUTREG>
<SYNCREF state="1">
<Syncs/>
</SYNCREF>
<ATTR_JOBS state="1">
<Queue>CLIENT_QUEUE</Queue>
<StartType/>
<HostDst>CIT|RA_WEBSERVICE_3|HOST</HostDst>
<HostATTR_Type>CIT</HostATTR_Type>
<CodeName/>
<Login/>
<IntAccount/>
<AutoDeactNo>0</AutoDeactNo>
<AutoDeact1ErrorFree>0</AutoDeact1ErrorFree>
<AutoDeactErrorFree>0</AutoDeactErrorFree>
<DeactWhen/>
<DeactDelay>0</DeactDelay>
<AutoDeactAlways>1</AutoDeactAlways>
<AttDialog>0</AttDialog>
<ActAtRun>1</ActAtRun>
<Consumption>0</Consumption>
<UC4Priority>0</UC4Priority>
<MaxParallel2>0</MaxParallel2>
<MpElse1>0</MpElse1>
<MpElse2>0</MpElse2>
<TZ/>
</ATTR_JOBS>
<ATTR_CIT state="1">
<OutputDb>1</OutputDb>
<OutputDbErr>0</OutputDbErr>
<OutputFile>0</OutputFile>
<OptReportPLOG>1</OptReportPLOG>
<RequTaskParams>0</RequTaskParams>
</ATTR_CIT>
<CIT dirty="0" state="2">
<citcont agentname="RA_WEBSERVICE_3" jobtype="WEBSERVICE" text="REST Web Service">
<cit cittype="2" icon="" id="" subtype="REST" text="REST Web Service">
<component con="0" enc="0" type="2" value="" xmlName="connectTimeout"/>
<component con="0" enc="0" type="2" value="" xmlName="curl"/>
<component con="0" enc="0" type="2" value="false" xmlName="isCurl"/>
<component con="0" enc="0" type="2" value="false" xmlName="jobHeaders"/>
<component con="0" enc="0" type="2" value="false" xmlName="jobQuery"/>
<component con="0" enc="0" type="2" value="application/json" xmlName="mediaType"/>
<component con="0" enc="0" type="2" value="POST" xmlName="method"/>
<component con="0" enc="0" type="2" value="false" xmlName="multiPart"/>
<component con="0" enc="0" type="2" value="false" xmlName="multiPartResp"/>
<component con="0" enc="0" type="2" value="" xmlName="request_part_0_file"/>
<component con="0" enc="0" type="2" value="application/json" xmlName="request_part_0_mediaType"/>
<component con="0" enc="0" type="2" value="text" xmlName="request_part_0_requestDataSource"/>
<component con="0" enc="0" type="2" value="A{" xmlName="request_part_0_requestTab_data_1"/>
<component con="0" enc="0" type="2" value="A  &quot;auth&quot;: {" xmlName="request_part_0_requestTab_data_2"/>
<component con="0" enc="0" type="2" value="A    &quot;RAX-KSKEY:apiKeyCredentials&quot;: {" xmlName="request_part_0_requestTab_data_3"/>
<component con="0" enc="0" type="2" value="A      &quot;username&quot;: &quot;&lt;your username&gt;&quot;," xmlName="request_part_0_requestTab_data_4"/>
<component con="0" enc="0" type="2" value="A      &quot;apiKey&quot;: &quot;&lt;your api key&gt;&quot;" xmlName="request_part_0_requestTab_data_5"/>
<component con="0" enc="0" type="2" value="A    }" xmlName="request_part_0_requestTab_data_6"/>
<component con="0" enc="0" type="2" value="A  }" xmlName="request_part_0_requestTab_data_7"/>
<component con="0" enc="0" type="2" value="A}" xmlName="request_part_0_requestTab_data_8"/>
<component con="0" enc="0" type="2" value="true" xmlName="requestReports"/>
<component con="0" enc="0" type="2" value="tokens" xmlName="resource"/>
<component con="0" enc="0" type="2" value="" xmlName="response_part_0_file"/>
<component con="0" enc="0" type="2" value="$.access.token.id" xmlName="response_part_0_script_0_code_0"/>
<component con="0" enc="0" type="2" value="JSONPath" xmlName="response_part_0_script_0_queryType"/>
<component con="0" enc="0" type="2" value="ID#" xmlName="response_part_0_script_0_resourceName"/>
<component con="0" enc="0" type="2" value="variable" xmlName="response_part_0_script_0_saveTo"/>
<component con="0" enc="0" type="2" value="$.access.token.expires" xmlName="response_part_0_script_1_code_0"/>
<component con="0" enc="0" type="2" value="JSONPath" xmlName="response_part_0_script_1_queryType"/>
<component con="0" enc="0" type="2" value="expires#" xmlName="response_part_0_script_1_resourceName"/>
<component con="0" enc="0" type="2" value="variable" xmlName="response_part_0_script_1_saveTo"/>
<component con="0" enc="0" type="2" value="true" xmlName="responseReport"/>
<component con="0" enc="0" type="2" value="" xmlName="responseTimeout"/>
<component con="0" enc="0" type="2" value="true" xmlName="responseToJobLog"/>
<component con="1" enc="0" type="2" value="CONN.WS.RACKSPACE.TOKEN" xmlName="restConnection"/>
<component con="0" enc="0" type="2" value="" xmlName="showGeneralJobPanel"/>
<component con="0" enc="0" type="2" value="false" xmlName="tracePerformance"/>
</cit>
<cit cittype="3" icon="" id="" subtype="GENERALJOBPANELDEF" text="General Job Panel"/>
</citcont>
</CIT>
<RUNTIME state="1">
<MaxRetCode>0</MaxRetCode>
<MrcExecute/>
<MrcElseE>0</MrcElseE>
<FcstStatus>0| </FcstStatus>
<Ert>3</Ert>
<ErtMethodDef>1</ErtMethodDef>
<ErtMethodFix>0</ErtMethodFix>
<ErtFix>0</ErtFix>
<ErtDynMethod>2|Average</ErtDynMethod>
<ErtMethodDyn>0</ErtMethodDyn>
<ErtCnt>0</ErtCnt>
<ErtCorr>0</ErtCorr>
<ErtIgn>0</ErtIgn>
<ErtIgnFlg>0</ErtIgnFlg>
<ErtMinCnt>0</ErtMinCnt>
<MrtMethodNone>1</MrtMethodNone>
<MrtMethodFix>0</MrtMethodFix>
<MrtFix>0</MrtFix>
<MrtMethodErt>0</MrtMethodErt>
<MrtErt>0</MrtErt>
<MrtMethodDate>0</MrtMethodDate>
<MrtDays>0</MrtDays>
<MrtTime>00:00</MrtTime>
<MrtTZ/>
<SrtMethodNone>1</SrtMethodNone>
<SrtMethodFix>0</SrtMethodFix>
<SrtFix>0</SrtFix>
<SrtMethodErt>0</SrtMethodErt>
<SrtErt>0</SrtErt>
<MrtCancel>0</MrtCancel>
<MrtExecute>0</MrtExecute>
<MrtExecuteObj/>
</RUNTIME>
<DYNVALUES state="1">
<dyntree>
<node content="1" id="VALUE" name="Variables" parent="" type="VALUE">
<VALUE state="1">
<Values/>
<Mode>0</Mode>
</VALUE>
</node>
</dyntree>
</DYNVALUES>
<ROLLBACK state="1" tidy="1">
<RollbackFlag>0</RollbackFlag>
<CBackupObj/>
<CRollbackObj/>
<FBackupPath/>
<FDeleteBefore>0</FDeleteBefore>
<FInclSubDirs>0</FInclSubDirs>
</ROLLBACK>
<PRE_SCRIPT mode="1" replacementmode="1" state="1" tidy="1">
<PSCRI/>
</PRE_SCRIPT>
<SCRIPT mode="1" state="1" tidy="1">
<MSCRI/>
</SCRIPT>
<OUTPUTSCAN state="1">
<Inherit>N</Inherit>
<filterobjects/>
<HostFsc/>
<LoginFsc/>
</OUTPUTSCAN>
<POST_SCRIPT mode="1" replacementmode="1" state="1" tidy="0">
<OSCRI><![CDATA[:put_var RACKSPACE_TOKEN, "Token", &ID#, &expires#]]></OSCRI>
</POST_SCRIPT>
<DOCU_Docu state="1" type="text">
<DOC/>
</DOCU_Docu>
<DOCU_Details- state="1" type="xml">
<DOC/>
</DOCU_Details->
</JOBS_CIT>
<VARA OVD_VRName="FREI" client="0100" data_type="STATIC" name="RACKSPACE_TOKEN" replacementmode="2" system="AUTOMIC">
<HEADER state="1">
<Title/>
<Created>jenn pm on: 2014-07-24 13:04:35</Created>
<Modified>jenn pm on: 2014-11-06 00:00:06      128 x</Modified>
<LastUsed/>
<ArchiveKey1/>
<ArchiveKey2/>
<OH_SubType>STATIC</OH_SubType>
</HEADER>
<ATTR_VARA state="1">
<Type>C|Text</Type>
<lblSource>Static</lblSource>
<source>STATIC</source>
<VRName>FREI|Freely selected</VRName>
<NotFoundErr>0</NotFoundErr>
<NotFoundDef>1</NotFoundDef>
<ShareN>0</ShareN>
<ShareL>0</ShareL>
<ShareR>0</ShareR>
<MaxValue_C>1024</MaxValue_C>
<CheckMax_C>0</CheckMax_C>
<uppercase>0</uppercase>
<sortColumn>0</sortColumn>
<sortDirection>0</sortDirection>
</ATTR_VARA>
<VARA state="1">
<Variables>
<row Name="Token" Value="cae04e2d83f9472cad31ea3c6efbac82" Value1="2014-11-06T18:46:20.412Z" Value2=" " Value3=" " Value4=" "/>
</Variables>
</VARA>
<DOCU_Docu state="1" type="text">
<DOC/>
</DOCU_Docu>
</VARA>
</uc-export>
