<?xml version="1.0" encoding="ISO-8859-15"?>
<uc-export clientvers="9.00A233-561">
<CONN_CIT client="0100" name="CONN.WS.RACKSPACE.CLOUD_FILES_ORD" system="AUTOMIC">
<HEADER state="1">
<Title>Connection for Chicago (ORD) Endpoint</Title>
<Created>jenn pm on: 2014-07-24 13:04:32</Created>
<Modified>jenn pm on: 2014-11-06 09:55:59      11 x</Modified>
<LastUsed/>
<ArchiveKey1/>
<ArchiveKey2/>
<OH_SubType/>
</HEADER>
<CONN_CIT state="1">
<citcont agentname="" jobtype="WEBSERVICE" text="REST">
<cit cittype="4" icon="" id="" subtype="RESTCONNECTION" text="REST">
<component con="0" enc="0" type="4" value="None" xmlName="authMethod"/>
<component con="0" enc="0" type="4" value="30" xmlName="connectTimeout"/>
<component con="0" enc="0" type="4" value="true" xmlName="followRedirects"/>
<component con="0" enc="0" type="4" value="Content-Disposition" xmlName="header_0_0"/>
<component con="0" enc="0" type="4" value="attachment;" xmlName="header_0_1"/>
<component con="0" enc="0" type="4" value="" xmlName="proxyAuthMethod"/>
<component con="0" enc="2" type="4" value="" xmlName="proxyPassword"/>
<component con="0" enc="0" type="4" value="" xmlName="proxyPort"/>
<component con="0" enc="0" type="4" value="" xmlName="proxyServer"/>
<component con="0" enc="0" type="4" value="None" xmlName="proxyServerType"/>
<component con="0" enc="0" type="4" value="" xmlName="proxyUser"/>
<component con="0" enc="0" type="4" value="List Container" xmlName="resources_0_0"/>
<component con="0" enc="0" type="4" value="/&amp;container#" xmlName="resources_0_1"/>
<component con="0" enc="0" type="4" value="60" xmlName="responseTimeout"/>
<component con="0" enc="0" type="4" value="https://storage101.ord1.clouddrive.com/v1/MossoCloudFS_ecc8d492-b875-4efe-8d4f-407c449bcdd0" xmlName="webserviceEndpoint"/>
</cit>
</citcont>
</CONN_CIT>
<DOCU_Docu state="1" type="text">
<DOC/>
</DOCU_Docu>
</CONN_CIT>
</uc-export>
